Country Name,2015 People with basic handwashing facilities including soap and water (% of population),2016 People with basic handwashing facilities including soap and water (% of population),2017 People with basic handwashing facilities including soap and water (% of population)
Afghanistan,37.5915295300905,37.6665345570879,37.7460320188898
Albania,..,..,..
Algeria,83.562293671602,83.6527818640751,83.7406026903617
American Samoa,..,..,..
Andorra,..,..,..
Angola,26.3756679923904,26.5212733758645,26.6641825709428
Antigua and Barbuda,..,..,..
Arab World,69.4906179134644,70.0046593617885,70.1717347207878
Argentina,..,..,..
Armenia,92.720798368195,93.3810053216644,94.0429413735251
Aruba,..,..,..
Australia,..,..,..
Austria,..,..,..
Azerbaijan,83.2413,83.2413,83.2413
"Bahamas, The",..,..,..
Bahrain,..,..,..
Bangladesh,34.4142127162462,34.6109077658593,34.8076036069316
Barbados,88.4693506083686,88.4693506083686,..
Belarus,..,..,..
Belgium,..,..,..
Belize,87.0304001597184,88.5567268095959,90.082766643261
Benin,10.2898082599533,10.9773768316344,11.0349134296055
Bermuda,..,..,..
Bhutan,..,..,..
Bolivia,25.3220026470534,25.3525843189488,25.3828990744977
Bosnia and Herzegovina,97.1550195368906,97.1638030400127,..
Botswana,..,..,..
Brazil,..,..,..
British Virgin Islands,..,..,..
Brunei Darussalam,..,..,..
Bulgaria,..,..,..
Burkina Faso,11.2240372324311,11.5526156805888,11.877389332001
Burundi,6.13846665455961,6.14208331884966,6.14409936808611
Cabo Verde,..,..,..
Cambodia,66.0022291139385,66.114851404164,66.2286220956706
Cameroon,9.26166559929487,9.33204184632748,9.40206643360047
Canada,..,..,..
Caribbean small states,76.2009636283775,..,..
Cayman Islands,..,..,..
Central African Republic,..,..,..
Central Europe and the Baltics,..,..,..
Chad,5.76541603109726,5.7902959328907,5.81809377998824
Channel Islands,..,..,..
Chile,..,..,..
China,..,..,..
Colombia,65.1268130862785,65.2574247769601,65.3857581074716
Comoros,15.568741975961,15.5735337189284,..
"Congo, Dem. Rep.",4.41312164581933,4.44220551443019,4.47159745510342
"Congo, Rep.",47.7410770693163,47.8523737456036,47.9636724613661
Costa Rica,83.8410428210698,..,..
Cote d'Ivoire,19.1909089033992,19.2701277404661,19.3507969404948
Croatia,..,..,..
Cuba,85.1886358062414,85.1926570114297,85.1982075208693
Curacao,..,..,..
Cyprus,..,..,..
Czech Republic,..,..,..
Denmark,..,..,..
Djibouti,..,..,..
Dominica,..,..,..
Dominican Republic,54.89899315916,55.0428854201177,55.1819809572288
Early-demographic dividend,59.3747853536529,59.4974599501825,59.4864040602994
East Asia & Pacific,..,..,..
East Asia & Pacific (excluding high income),..,..,..
East Asia & Pacific (IDA & IBRD countries),..,..,..
Ecuador,80.6124215654985,80.6236026252902,80.6347784463545
"Egypt, Arab Rep.",88.3441965870926,89.8283411933547,89.8269694459489
El Salvador,90.5529744207461,90.6021621258625,90.6496848510482
Equatorial Guinea,24.6399682062548,..,..
Eritrea,..,..,..
Estonia,..,..,..
Eswatini,23.9961659143359,24.0454786669824,24.0969633445971
Ethiopia,7.79008135576371,7.87465586454931,7.96038974707188
Euro area,..,..,..
Europe & Central Asia,..,..,..
Europe & Central Asia (excluding high income),..,..,..
Europe & Central Asia (IDA & IBRD countries),..,..,..
European Union,..,..,..
Faroe Islands,..,..,..
Fiji,..,..,..
Finland,..,..,..
Fragile and conflict affected situations,38.014878756323,37.9983286726199,38.0105490239852
France,..,..,..
French Polynesia,..,..,..
Gabon,..,..,..
"Gambia, The",7.72298304782486,7.80012758000184,7.87626629083994
Georgia,..,..,..
Germany,..,..,..
Ghana,40.940699433763,40.9942058263864,41.0473083819571
Gibraltar,..,..,..
Greece,..,..,..
Greenland,..,..,..
Grenada,..,..,..
Guam,..,..,..
Guatemala,76.5712373276,76.6175064570315,76.6655036207724
Guinea,17.3599495028637,17.4038694662787,17.4497171149057
Guinea-Bissau,6.36888556080441,6.38587005890903,6.40293708859611
Guyana,77.1626515541047,77.161285627528,77.1594149222442
Haiti,23.4318211722769,23.1510394988266,22.8627462636951
Heavily indebted poor countries (HIPC),20.9539236477181,20.3221556553792,19.5349669672988
High income,..,..,..
Honduras,84.1247054682112,84.1692526093255,..
"Hong Kong SAR, China",..,..,..
Hungary,..,..,..
IBRD only,..,..,..
Iceland,..,..,..
IDA & IBRD total,..,..,..
IDA blend,46.1869824804473,46.2647430868008,46.0392655448897
IDA only,30.7181492326465,30.7044529611518,30.1523452285637
IDA total,35.8425377089035,36.0539968695562,35.6299418893405
India,59.2991879817234,59.4224581261787,59.5496875182515
Indonesia,63.984052401955,64.0943257291528,64.2036185754851
"Iran, Islamic Rep.",..,..,..
Iraq,93.39080961423,93.9854578836609,94.5759477772468
Ireland,..,..,..
Isle of Man,..,..,..
Israel,..,..,..
Italy,..,..,..
Jamaica,66.4245165522861,..,..
Japan,..,..,..
Jordan,..,..,..
Kazakhstan,98.998639321352,98.999006513259,98.9993740478602
Kenya,24.5647018579599,24.6073953229883,24.6510436992189
Kiribati,..,..,..
"Korea, Dem. People’s Rep.",..,..,..
"Korea, Rep.",..,..,..
Kosovo,..,..,..
Kuwait,..,..,..
Kyrgyz Republic,89.1964606049975,89.2076285990301,89.2204016807518
Lao PDR,49.5013348854303,49.6697104972569,49.8391565449809
Late-demographic dividend,..,..,..
Latin America & Caribbean,..,..,..
Latin America & Caribbean (excluding high income),..,..,..
Latin America & the Caribbean (IDA & IBRD countries),..,..,..
Latvia,..,..,..
Least developed countries: UN classification,28.3696546806415,28.2604877326697,28.2781448199254
Lebanon,..,..,..
Lesotho,2.07365611308779,2.09527790178864,2.11711141089109
Liberia,1.17828403373632,1.18332997804969,1.18848043978493
Libya,..,..,..
Liechtenstein,..,..,..
Lithuania,..,..,..
Low & middle income,..,..,..
Low income,23.8477935387807,23.2177149988439,23.2189156644508
Lower middle income,57.2796644425699,57.3881538834502,57.3337094197714
Luxembourg,..,..,..
"Macao SAR, China",..,..,..
Madagascar,50.5403509161808,..,..
Malawi,9.65758441606811,9.18175322932738,8.703956048183
Malaysia,..,..,..
Maldives,95.784959081934,95.7938953137068,95.8028629366759
Mali,51.7403777374559,51.9866971251887,52.2320839184474
Malta,..,..,..
Marshall Islands,82.4404058412435,82.4716997815495,82.5021672835689
Mauritania,42.549889658199,42.7758932208854,42.999048887847
Mauritius,..,..,..
Mexico,87.7879272573118,87.8174056003199,87.8466842172696
"Micronesia, Fed. Sts.",..,..,..
Middle East & North Africa,..,..,..
Middle East & North Africa (excluding high income),..,..,..
Middle East & North Africa (IDA & IBRD countries),..,..,..
Middle income,..,..,..
Moldova,86.9770856196642,86.9794174842251,..
Monaco,..,..,..
Mongolia,71.1361700067088,71.1580188847214,71.1795489061304
Montenegro,..,..,..
Morocco,..,..,..
Mozambique,12.2269838037985,..,..
Myanmar,79.2027513262542,79.2434622802757,79.287085479675
Namibia,43.8645393685773,44.2351896940557,44.5999038527554
Nauru,..,..,..
Nepal,49.7888269673958,48.7885443590975,47.7818400003274
Netherlands,..,..,..
New Caledonia,..,..,..
New Zealand,..,..,..
Nicaragua,..,..,..
Niger,..,..,..
Nigeria,41.5859975220716,41.7684278475915,41.9489153306759
North America,..,..,..
North Macedonia,..,..,..
Northern Mariana Islands,..,..,..
Norway,..,..,..
Not classified,..,..,..
OECD members,..,..,..
Oman,..,..,..
Other small states,..,..,..
Pacific island small states,..,..,..
Pakistan,59.4521943579493,59.5295528975539,59.6069124587634
Palau,..,..,..
Panama,..,..,..
Papua New Guinea,..,..,..
Paraguay,79.5323571167276,79.5670685035116,79.6015253008444
Peru,..,..,..
Philippines,78.4131346677565,78.4370472671209,78.4629630309315
Poland,..,..,..
Portugal,..,..,..
Post-demographic dividend,..,..,..
Pre-demographic dividend,29.5203593788355,29.6511479911985,29.8259634089456
Puerto Rico,..,..,..
Qatar,..,..,..
Romania,..,..,..
Russian Federation,..,..,..
Rwanda,4.22606346904445,4.42065966873118,4.61727834496984
Samoa,..,..,..
San Marino,..,..,..
Sao Tome and Principe,41.4888131258905,41.4125989176851,41.3398746181137
Saudi Arabia,..,..,..
Senegal,23.8543390951893,23.9984469009461,24.1458760766427
Serbia,..,..,..
Seychelles,..,..,..
Sierra Leone,17.4960837053307,18.3832232782818,19.2751381624786
Singapore,..,..,..
Sint Maarten (Dutch part),..,..,..
Slovak Republic,..,..,..
Slovenia,..,..,..
Small states,..,..,..
Solomon Islands,35.6116000871088,35.7506380227669,35.8896731801542
Somalia,9.78655499074423,9.80882402008836,9.83124898319752
South Africa,43.7363154071354,43.8649443283603,43.9925735928541
South Asia,56.4947487523828,56.5983062474222,56.7048523246738
South Asia (IDA & IBRD),56.4947487523828,56.5983062474222,56.7048523246738
South Sudan,..,..,..
Spain,..,..,..
Sri Lanka,..,..,..
St. Kitts and Nevis,..,..,..
St. Lucia,87.2016274779561,87.2019621286766,..
St. Martin (French part),..,..,..
St. Vincent and the Grenadines,..,..,..
Sub-Saharan Africa,25.4743800911158,25.3261441788498,25.4565701684791
Sub-Saharan Africa (excluding high income),25.4743800911158,25.3261441788498,25.4565701684791
Sub-Saharan Africa (IDA & IBRD countries),25.4743800911158,25.3261441788498,25.4565701684791
Sudan,23.3738699335453,23.4041499409451,23.4373649642129
Suriname,..,..,..
Sweden,..,..,..
Switzerland,..,..,..
Syrian Arab Republic,70.5589284953175,70.5785384215441,70.5980897208659
Tajikistan,72.5931455041219,72.6465043874336,72.703504543367
Tanzania,47.628220323101,47.7900040273425,47.9526927093602
Thailand,83.9004053908209,83.9118982220547,83.9233581954672
Timor-Leste,28.0288112780857,28.1033128999577,28.1782288377724
Togo,10.300773184585,10.3872980924332,10.4748055917358
Tonga,..,..,..
Trinidad and Tobago,89.4432038359682,..,..
Tunisia,81.7411240377831,80.208687486213,78.6868906487833
Turkey,..,..,..
Turkmenistan,97.653366464949,99.3847180515122,100
Turks and Caicos Islands,..,..,..
Tuvalu,..,..,..
Uganda,18.9237191151532,20.0692136701969,21.2224894594787
Ukraine,..,..,..
United Arab Emirates,..,..,..
United Kingdom,..,..,..
United States,..,..,..
Upper middle income,..,..,..
Uruguay,..,..,..
Uzbekistan,..,..,..
Vanuatu,25.1469995503541,25.1780741921916,25.2091496960843
"Venezuela, RB",..,..,..
Vietnam,85.7014670269781,85.7739013118594,85.8465441491179
Virgin Islands (U.S.),..,..,..
West Bank and Gaza,..,..,..
World,..,..,..
"Yemen, Rep.",49.1295062205045,49.3350986954997,49.5423544284257
Zambia,13.7196228961955,13.8281353541193,13.9380800136336
Zimbabwe,36.81692755689,36.801494568623,36.7912611732953
